album,uri,name,playcount,trackNumber,duration,artist,other artist
EL ÚLTIMO TOUR DEL MUNDO,spotify:track:36DHxTW2xdr9GG15T9oK9L,EL MUNDO ES MÍO,80669581,1,165199,Bad Bunny,
EL ÚLTIMO TOUR DEL MUNDO,spotify:track:5RubKOuDoPn5Kj5TLVxSxY,TE MUDASTE,472850679,2,130013,Bad Bunny,
EL ÚLTIMO TOUR DEL MUNDO,spotify:track:0tjZv2hChdHZCW1zFXpy1J,HOY COBRÉ,122732700,3,162151,Bad Bunny,
EL ÚLTIMO TOUR DEL MUNDO,spotify:track:0Lsis3LB0XAK6XlTHXaJk2,MALDITA POBREZA,89824926,4,213609,Bad Bunny,
EL ÚLTIMO TOUR DEL MUNDO,spotify:track:2XIc1pqjXV3Cr2BQUGNBck,LA NOCHE DE ANOCHE,753199526,5,203200,Bad Bunny,ROSALÍA
EL ÚLTIMO TOUR DEL MUNDO,spotify:track:23XjN1s3DZC8Q9ZwuorYY4,TE DESEO LO MEJOR,166645542,6,139576,Bad Bunny,
EL ÚLTIMO TOUR DEL MUNDO,spotify:track:5fROvzNghPid8mbKNDYvpJ,YO VISTO ASÍ,158142903,7,191526,Bad Bunny,
EL ÚLTIMO TOUR DEL MUNDO,spotify:track:26QApq0cuO9brJigr0C0W4,HACIENDO QUE ME AMAS,278299665,8,217768,Bad Bunny,
EL ÚLTIMO TOUR DEL MUNDO,spotify:track:26w9NTiE9NGjW1ZvIOd1So,BOOKER T,273619187,9,156430,Bad Bunny,
EL ÚLTIMO TOUR DEL MUNDO,spotify:track:67ACYA3UI6QMNtHX6b34wX,LA DROGA,121868976,10,162299,Bad Bunny,
EL ÚLTIMO TOUR DEL MUNDO,spotify:track:4MzXwWMhyBbmu6hOcLVD49,DÁKITI,1517905430,11,205090,Bad Bunny,Jhay Cortez
EL ÚLTIMO TOUR DEL MUNDO,spotify:track:09WAnxdBuebQopKhJT3oZS,TRELLAS,78798903,12,157673,Bad Bunny,
EL ÚLTIMO TOUR DEL MUNDO,spotify:track:5jZ32WOU7sqzDYbzINwMUk,SORRY PAPI,123894447,13,163053,Bad Bunny,ABRA
EL ÚLTIMO TOUR DEL MUNDO,spotify:track:3KJ3opyV29269SXkPrc19l,120,233644826,14,151506,Bad Bunny,
EL ÚLTIMO TOUR DEL MUNDO,spotify:track:7kjEqI6eZ7YlFrGhxixnlN,ANTES QUE SE ACABE,170687274,15,221186,Bad Bunny,
EL ÚLTIMO TOUR DEL MUNDO,spotify:track:2Iv6YBslkxslMJQsxshZh5,CANTARES DE NAVIDAD,25257754,16,199720,Trio Vegabajeño,
Views,spotify:track:7sBwAWyXfiIgrYQ8BaJESH,Keep The Family Close,87360291,1,328906,Drake,
Views,spotify:track:1C7KSXR2GVxknex6I4ANco,9,126094754,2,255786,Drake,
Views,spotify:track:03L2AoiRbWhvt7BDMx1jUB,U With Me?,113442397,3,297373,Drake,
Views,spotify:track:3cjF2OFRmip8spwZYQRKxP,Feel No Ways,269961631,4,240653,Drake,
Views,spotify:track:5NFYuqu8V6QXc6mzcLImd6,Hype,166016630,5,209413,Drake,
Views,spotify:track:4PA16FAl8LPmFmOhARawdV,Weston Road Flows,96255522,6,253533,Drake,
Views,spotify:track:4cRBqWBjuccCowYVHFlXK6,Redemption,150165873,7,333946,Drake,
Views,spotify:track:3aJkV6DUTSCqOwVwaBDG9B,With You,171683523,8,195053,Drake,PARTYNEXTDOOR
Views,spotify:track:2qLcJOLrh6Djda4uLbldSA,Faithful,88336645,9,290133,Drake,"dvsn,Pimp C"
Views,spotify:track:433P7tDcIAi6NLnf4Sh6tI,Still Here,258668730,10,189853,Drake,
Views,spotify:track:3O8NlPh2LByMU9lSRSHedm,Controlla,721423593,11,245226,Drake,
Views,spotify:track:1zi7xx7UVEFkmKfv06H8x0,One Dance,2428268735,12,173986,Drake,"Wizkid,Kyla"
Views,spotify:track:5e574bhjycX1eH2l4Auage,Grammys,155635930,13,220426,Drake,Future
Views,spotify:track:3NxAG2ni1lLa8RKL6a0INc,Childs Play,243899723,14,241400,Drake,
Views,spotify:track:5mPSyjLatqB00IkPqRlbTE,Pop Style,343807339,15,212946,Drake,
Views,spotify:track:3BtuIIrQlkujKPuWF2B85z,Too Good,919729567,16,263373,Drake,Rihanna
Views,spotify:track:3ppVO2tyWRRznNmONvt7Se,Summers Over Interlude,75557558,17,106333,Drake,Majid Jordan
Views,spotify:track:4BhGTc3Cgay2U1QcTS7vQe,Fire & Desire,237630968,18,238120,Drake,
Views,spotify:track:7MjSipTto9QljYzZnloXOn,Views,83378058,19,311960,Drake,
Views,spotify:track:0wwPcA6wtMf6HUMpIRdeP7,Hotline Bling,1121846654,20,267066,Drake,
So Far Gone,spotify:track:1v24T2ug4TlssYZvI3aL4O,Lust For Life,27259817,1,176179,Drake,
So Far Gone,spotify:track:3XLSlQLJf3Ut0zvMUxnF1h,Houstatlantavegas,48824771,2,290791,Drake,
So Far Gone,spotify:track:6NwhtCYkfwWlcR62Ac4E7y,Successful (feat. Trey Songz & Lil Wayne),38903939,3,375050,Drake,"Trey Songz,Lil Wayne"
So Far Gone,spotify:track:4FDSPGncHRpr6yB8DD4CtI,Let’s Call It Off (feat. Peter Bjorn and John),14943103,4,234175,Drake,Peter Bjorn and John
So Far Gone,spotify:track:0JaVdpmiex2EP7bBzyKVTa,November 18th,40048043,5,188189,Drake,
So Far Gone,spotify:track:2hcohLIysMxofYziluXCoX,Ignant Shit (feat. Lil Wayne),28955284,6,302492,Drake,Lil Wayne
So Far Gone,spotify:track:3lkkkYc1wBj5l3FVlpqvP6,A Night Off (feat. Lloyd),11901727,7,193962,Drake,Lloyd
So Far Gone,spotify:track:7mPoCVGP752A5DtHf1SKkM,Say What's Real,12359559,8,230717,Drake,
So Far Gone,spotify:track:524wvipGqxPKYWxkjf9y46,Little Bit (feat. Lykke Li),23776000,9,230484,Drake,Lykke Li
So Far Gone,spotify:track:3QLjDkgLh9AOEHlhQtDuhs,Best I Ever Had,442592915,10,257690,Drake,
So Far Gone,spotify:track:2TWSilrWcTrgVKcP8kfEfg,Unstoppable (feat. Santigold & Lil Wayne),11221011,11,209957,Drake,"Santigold,Lil Wayne"
So Far Gone,spotify:track:0q7LGcVSpsIoSbjChtZ8lI,Uptown (feat. Bun B & Lil Wayne),61687033,12,382262,Drake,"Bun B,Lil Wayne"
So Far Gone,spotify:track:43iKgGbmfqPLh3mxUlospI,Sooner Than Later,12454734,13,262046,Drake,
So Far Gone,spotify:track:4i3GraNMzBKze1WsVl38DS,Bria's Interlude (feat. Omarion),17980049,14,139574,Drake,Omarion
So Far Gone,spotify:track:6MlGqWzDiLkZ0vmAEsisEk,The Calm,19015797,15,243723,Drake,
So Far Gone,spotify:track:6hHKFReuQR9VQp39ev43wY,Outro (feat. Chilly Gonzales),7330035,16,174398,Drake,Chilly Gonzales
So Far Gone,spotify:track:4XTXamS1g4g93jPxyuFJJ6,Brand New,20330039,17,213492,Drake,
So Far Gone,spotify:track:3SnXwQUrvSacFziUYXTNKY,Congratulations,13734560,18,332529,Drake,
No,spotify:track:70eFcWOvlMObDhURTqT4Fv,Beautiful People (feat. Khalid),1206331808,1,197866,Ed Sheeran,Khalid
No,spotify:track:4vUmTMuQqjdnvlZmAH61Qk,South of the Border (feat. Camila Cabello & Cardi B),647557422,2,204466,Ed Sheeran,"Camila Cabello,Cardi B"
No,spotify:track:4wuCQX7JvAZLlrcmH4AeZF,Cross Me (feat. Chance the Rapper & PnB Rock),364500519,3,206186,Ed Sheeran,"Chance the Rapper,PnB Rock"
No,spotify:track:1AI7UPw3fgwAFkvAlZWhE0,Take Me Back to London (feat. Stormzy),192094158,4,189733,Ed Sheeran,Stormzy
No,spotify:track:0VsGaRXR5WAzpu51unJTis,Best Part of Me (feat. YEBBA),239455721,5,243266,Ed Sheeran,Yebba
No,spotify:track:0hVXuCcriWRGvwMV1r5Yn9,I Don't Care (with Justin Bieber),1589448457,6,219946,Ed Sheeran,Justin Bieber
No,spotify:track:1DhRbox3xkceP64k3JeYfW,Antisocial (with Travis Scott),232343360,7,161746,Ed Sheeran,Travis Scott
No,spotify:track:0AtP8EkGPn6SwxKDaUuXec,Remember The Name (feat. Eminem & 50 Cent),196988097,8,207760,Ed Sheeran,"Eminem,50 Cent"
No,spotify:track:1Bdptrvb7nQkq8kCw3siE9,Feels (feat. Young Thug & J Hus),58252458,9,150786,Ed Sheeran,"Young Thug,J Hus"
No,spotify:track:5T03itPFOPGGkvVPvPiyla,Put It All on Me (feat. Ella Mai),87495323,10,197093,Ed Sheeran,Ella Mai
No,spotify:track:2qRN7PWiHRLprw4FpDeI9N,Nothing On You (feat. Paulo Londra & Dave),126954801,11,200733,Ed Sheeran,"Paulo Londra,Dave"
No,spotify:track:3FHXUqaUer9o231Je1zxIN,I Don't Want Your Money (feat. H.E.R.),60075616,12,204506,Ed Sheeran,H.E.R.
No,spotify:track:4vIKzWqtn44umal5jXq4wE,1000 Nights (feat. Meek Mill & A Boogie Wit da Hoodie),64363870,13,212306,Ed Sheeran,"Meek Mill,A Boogie Wit da Hoodie"
No,spotify:track:5d1rmWWF1725tnYjq6rMDB,Way To Break My Heart (feat. Skrillex),61795915,14,190293,Ed Sheeran,Skrillex
No,spotify:track:7hvO2qCwJVZxiyoA7c9i5d,BLOW (with Chris Stapleton & Bruno Mars),134186974,15,209120,Ed Sheeran,"Chris Stapleton,Bruno Mars"
x (Wembley Edition),spotify:track:0A2J5TumCpT4aJVvQHNEQW,One,252190438,1,252760,Ed Sheeran,
x (Wembley Edition),spotify:track:3KiktyOxQd2Z0bmnabgRq2,I'm a Mess,307207446,2,244573,Ed Sheeran,
x (Wembley Edition),spotify:track:6u0oHknFYrnUd42A6rvFly,Sing,494401688,3,235382,Ed Sheeran,
x (Wembley Edition),spotify:track:6gTJaPuj8DT8RjuDJyBgzP,Don't,663147326,4,219840,Ed Sheeran,
x (Wembley Edition),spotify:track:3THTZMkVV2onr7xM5yb6WZ,Nina,134621597,5,225533,Ed Sheeran,
x (Wembley Edition),spotify:track:6fxVffaTuwjgEk5h9QyRjy,Photograph,1974650186,6,258986,Ed Sheeran,
x (Wembley Edition),spotify:track:5mxTOMM0NiRud8VdBxbA2o,Bloodstream,280898945,7,300253,Ed Sheeran,
x (Wembley Edition),spotify:track:6vSwxzO2Qf4BinHSXRwZJe,Tenerife Sea,540480299,8,241346,Ed Sheeran,
x (Wembley Edition),spotify:track:2CW1geAxlM04INRmcoytvW,Runaway,130790418,9,205133,Ed Sheeran,
x (Wembley Edition),spotify:track:124Ym5jD2no2GAjZiEbw94,The Man,94625792,10,250426,Ed Sheeran,
x (Wembley Edition),spotify:track:1Slwb6dOYkBlWal1PGtnNg,Thinking out Loud,2082664345,11,281560,Ed Sheeran,
x (Wembley Edition),spotify:track:6Tb6jpTsEMuBnxYo2HuSiK,Afire Love,162822675,12,314280,Ed Sheeran,
x (Wembley Edition),spotify:track:3zvc53juLgo3LibcwGBDqn,Take It Back,110150272,13,208400,Ed Sheeran,
x (Wembley Edition),spotify:track:3hRWv9DGBOc1ge8nMolCHp,Shirtsleeves,87618715,14,190226,Ed Sheeran,
x (Wembley Edition),spotify:track:7Clb8su2UxUJ4CQUtDW2UZ,Even My Dad Does Sometimes,97439726,15,228533,Ed Sheeran,
x (Wembley Edition),spotify:track:1d1sMeH6jxPPxSFO7T0nDq,I See Fire,851900522,16,299146,Ed Sheeran,
x (Wembley Edition),spotify:track:3Th56VIq2sEaEmPPETu7p5,All of the Stars,282178408,17,237146,Ed Sheeran,
x (Wembley Edition),spotify:track:2tLqh0Y49XoaM8fYz1VFR5,English Rose,29840590,18,184173,Ed Sheeran,
x (Wembley Edition),spotify:track:763p5nkQytkOE7xmsFyu8y,Touch and Go,92195625,19,240986,Ed Sheeran,
x (Wembley Edition),spotify:track:0NJDrEZdTbVPMKC0Zbglgn,New York,31619540,20,235960,Ed Sheeran,
x (Wembley Edition),spotify:track:5puU24G3lHVsUXPAWW2ZpV,Make It Rain,65851051,21,404480,Ed Sheeran,
x (Wembley Edition),spotify:track:74sKqdbIzz8Q5k1uFGQIW7,Parting Glass - Live at Wembley Stadium,16174362,22,195967,Ed Sheeran,
x (Wembley Edition),spotify:track:4B1EYMTYNUfwRoD9MARPgT,Small Bump - Live at Wembley Stadium,14586793,23,302992,Ed Sheeran,
x (Wembley Edition),spotify:track:0vbbhcA6okLzvsy6WSTlLg,Lay It All on Me (feat. Ed Sheeran),384699088,24,242440,Rudimental,Ed Sheeran
OASIS,spotify:track:71pEiUWwfDFiRO6RmFpnBf,MOJAITA,149338294,1,187333,J Balvin,Bad Bunny
OASIS,spotify:track:0uIfrUwwg0Z7KTitul7E3T,YO LE LLEGO,119594391,2,249600,J Balvin,Bad Bunny
OASIS,spotify:track:6SYSu569pfYdkDT9A5lZqi,CUIDAO POR AHÍ,90857827,3,198320,J Balvin,Bad Bunny
OASIS,spotify:track:25ZAibhr3bdlMCLmubZDVt,QUE PRETENDES,578147479,4,222346,J Balvin,Bad Bunny
OASIS,spotify:track:0fea68AdmYNygeTGI4RC18,LA CANCIÓN,1123363004,5,242573,J Balvin,Bad Bunny
OASIS,spotify:track:7hynhxDoDpgMIV12JuVtNa,UN PESO,316335631,6,277106,J Balvin,"Bad Bunny,Marciano Cantero"
OASIS,spotify:track:7alOsNr36sJ8CyOEP4aILq,ODIO,103267653,7,270400,J Balvin,Bad Bunny
OASIS,spotify:track:7knLcYCOSaURD0d7HUULFM,COMO UN BEBÉ,169567436,8,218826,J Balvin,"Bad Bunny,Mr Eazi"
"Honestly, Nevermind",spotify:track:1kNdtonJXHorsVpWerK8C2,Intro,20141940,1,36935,Drake,
"Honestly, Nevermind",spotify:track:1vbn9fEyw1IYhqgZJdu9ZB,Falling Back,56266147,2,266178,Drake,
"Honestly, Nevermind",spotify:track:4FIgHqXd4KkOwxrGeLDYM2,Texts Go Green,41735091,3,308820,Drake,
"Honestly, Nevermind",spotify:track:1eCFz60zd7mAXgWLapPd9B,Currents,33128734,4,157390,Drake,
"Honestly, Nevermind",spotify:track:0nAZGkBGKQCXyaoSJfRhC1,A Keeper,41633907,5,173097,Drake,
"Honestly, Nevermind",spotify:track:7sT7kZEYd1MrmzLLIRVZas,Calling My Name,37768948,6,129964,Drake,
"Honestly, Nevermind",spotify:track:4rmVZajAF7PkrCagGPHbqa,Sticky,102912622,7,243227,Drake,
"Honestly, Nevermind",spotify:track:28JBD8p18xNuOfyV7Cotdn,Massive,119050310,8,336924,Drake,
"Honestly, Nevermind",spotify:track:6Yj7Zhxt73uvwFFvzQXdxO,Flight's Booked,34200815,9,254407,Drake,
"Honestly, Nevermind",spotify:track:7hRlTK3mgFTBEjX7DjqBsI,Overdrive,25009889,10,202451,Drake,
"Honestly, Nevermind",spotify:track:3N3d4OWbPVxTQVBFqNyykk,Down Hill,19571105,11,250864,Drake,
"Honestly, Nevermind",spotify:track:1XsRwo2it6QHdV2OiT6IzF,Tie That Binds,22213947,12,336005,Drake,
"Honestly, Nevermind",spotify:track:2vy9Ry1TNjCD85TiCbTz0r,Liability,22816637,13,237932,Drake,
"Honestly, Nevermind",spotify:track:3F5CgOj3wFlRv51JsHbxhe,Jimmy Cooks (feat. 21 Savage),248942119,14,218364,Drake,21 Savage
Scorpion,spotify:track:2yg9UN4eo5eMVJ7OB4RWj3,Survival,110073773,1,136186,Drake,
Scorpion,spotify:track:0TlLq3lA83rQOYtrqBqSct,Nonstop,903482769,2,238614,Drake,
Scorpion,spotify:track:3szf2z1Cy1QMrtHrbn8rz9,Elevate,149029474,3,184960,Drake,
Scorpion,spotify:track:5Psnhdkyanjpgc2P8A5TSM,Emotionless,171657073,4,302173,Drake,
Scorpion,spotify:track:6DCZcSspjsKoFjzjrWoCdn,God's Plan,2028154329,5,198973,Drake,
Scorpion,spotify:track:3qN5qMTKyEEmiTZD38BNTT,I'm Upset,382548669,6,214466,Drake,
Scorpion,spotify:track:0zqy3ss4CwD6u4QPksS0nI,8 Out Of 10,111154235,7,195720,Drake,
Scorpion,spotify:track:7rC5Pl8rQSX4myONQHYPBK,Mob Ties,319141732,8,205146,Drake,
Scorpion,spotify:track:1dUHF4RyMmMTveJ0Rby6Xm,Can’t Take A Joke,175705486,9,163974,Drake,
Scorpion,spotify:track:6cblRiEGDRNZgowcm951R3,Sandra’s Rose,103539689,10,216333,Drake,
Scorpion,spotify:track:4ksuI04WMvUnJbHQjgs3L5,Talk Up (feat. Jay-Z),100466808,11,223240,Drake,JAY-Z
Scorpion,spotify:track:1Tnw0ItH1Macok8gblnPPd,Is There More,71693164,12,226906,Drake,
Scorpion,spotify:track:11L064movtyopGdLiX4sVg,Peak,86301713,1,206026,Drake,
Scorpion,spotify:track:4HG1YiGBseVKzjyKcmAJen,Summer Games,101894953,2,247893,Drake,
Scorpion,spotify:track:4c2xt1trwYZpMqPWY35Xi9,Jaded,138585563,3,262453,Drake,
Scorpion,spotify:track:3CA9pLiwRIGtUBiMjbZmRw,Nice For What,1055619842,4,210746,Drake,
Scorpion,spotify:track:2WP8G2pdddDmnh1xbfKBOI,Finesse,193313999,5,182080,Drake,
Scorpion,spotify:track:4SUwJA3eUVNHExxMPEUhQe,Ratchet Happy Birthday,66771313,6,207306,Drake,
Scorpion,spotify:track:41a7dZcq30Ss5kPMayWRV0,That’s How You Feel,110335872,7,157605,Drake,
Scorpion,spotify:track:4n1bdaKwynQndm47x5HqWX,Blue Tint,126392056,8,162800,Drake,
Scorpion,spotify:track:2G7V7zsVDxg1yRsu7Ew9RJ,In My Feelings,1249689024,9,217925,Drake,
Scorpion,spotify:track:6G8kHiVZ1jW7vHMPVRNZU0,Don’t Matter To Me (with Michael Jackson),441439697,10,245786,Drake,Michael Jackson
Scorpion,spotify:track:3mvYQKm8h6M5K5h0nVPY9S,After Dark (feat. Static Major & Ty Dolla $ign),103209425,11,289560,Drake,"Static Major,Ty Dolla $ign"
Scorpion,spotify:track:44Du2IM1bGY7dicmLfXbUs,Final Fantasy,69172635,12,219960,Drake,
Scorpion,spotify:track:09lmraDvzBT3pUQ2rUtJzK,March 14,55221520,13,309560,Drake,
Nothing Was The Same (Deluxe),spotify:track:4MOy68Xuz84lkfu1NQH6Bg,Tuscan Leather,88389142,1,366400,Drake,
Nothing Was The Same (Deluxe),spotify:track:6E1ILfm6wNkA6kautk3mQP,Furthest Thing,132692778,2,267373,Drake,
Nothing Was The Same (Deluxe),spotify:track:5bm0CcD5R9Nj04QbMvwugt,Started From the Bottom,410679217,3,174133,Drake,
Nothing Was The Same (Deluxe),spotify:track:7J8g9TwJYxmO0Xy3L916er,Wu-Tang Forever,111138151,4,217680,Drake,
Nothing Was The Same (Deluxe),spotify:track:1dHUNRY8eVXvSo6kvyFyNx,Own It,109340492,5,251973,Drake,
Nothing Was The Same (Deluxe),spotify:track:0MmqaSn9dzP5GHxZ933V4l,Worst Behavior,159221855,6,270186,Drake,
Nothing Was The Same (Deluxe),spotify:track:5eCRkTcecpAXVWtS11GP5C,From Time,356042611,7,322160,Drake,Jhené Aiko
Nothing Was The Same (Deluxe),spotify:track:6GCsFtfTR4R9Y0ECkFJhNr,"Hold On, We're Going Home",757102466,8,227880,Drake,Majid Jordan
Nothing Was The Same (Deluxe),spotify:track:4AUo4CPTghr09esofcujq2,Connect,78037008,9,296413,Drake,
Nothing Was The Same (Deluxe),spotify:track:4yQqhoEeRcsMfr7tqEea7f,The Language,138739034,10,224013,Drake,
Nothing Was The Same (Deluxe),spotify:track:7wbClNblLd3hkosmuYAdN9,305 To My City,65173695,11,255853,Drake,Detail
Nothing Was The Same (Deluxe),spotify:track:4XKBoqWQjPdNM4t0znWu7E,Too Much,160281089,12,261853,Drake,Sampha
Nothing Was The Same (Deluxe),spotify:track:7EAI848gzAJpFsEmk6Wi3c,Pound Cake / Paris Morton Music 2,217519380,13,433800,Drake,JAY-Z
Nothing Was The Same (Deluxe),spotify:track:3eN46sMTppXYMAyWi37wn1,Come Thru,114099366,14,236360,Drake,
Nothing Was The Same (Deluxe),spotify:track:7y911sqgHGHcyU4ivapjwi,All Me,321037896,15,270866,Drake,"2 Chainz,Big Sean"
X 100PRE,spotify:track:278kSqsZIiYp8p3QjYAqa8,NI BIEN NI MAL,387400317,1,236215,Bad Bunny,
X 100PRE,spotify:track:5jGUJXnELDaDTgiRjD9lsg,200 Mph,161871592,2,170509,Bad Bunny,Diplo
X 100PRE,spotify:track:6kN06eEOblRAuWI0xUUS91,¿Quien Tu Eres?,99398081,3,159228,Bad Bunny,
X 100PRE,spotify:track:6it15CsDlkqB7N4lF0C1qM,Caro,244938348,4,229455,Bad Bunny,
X 100PRE,spotify:track:5VQpJ2AY2iMzrRZKgcvNjh,Tenemos Que Hablar,98021868,5,224512,Bad Bunny,
X 100PRE,spotify:track:4vCAzANUWDE24URV6wQ4ra,Otra Noche en Miami,351347922,6,233128,Bad Bunny,
X 100PRE,spotify:track:4UEuIEv9Wc3wtiWUplGJ7q,Ser Bichote,88248144,7,193210,Bad Bunny,
X 100PRE,spotify:track:35wvL50xvKpCHEJPxLOLPI,Si Estuviésemos Juntos,568028807,8,169247,Bad Bunny,
X 100PRE,spotify:track:4uP3pUP18ennmz0tb3GphR,Solo de Mi,383036990,9,197967,Bad Bunny,
X 100PRE,spotify:track:5mj8WVFcKdGA8p9HWGTSLc,Cuando Perriabas,138951622,10,188654,Bad Bunny,
X 100PRE,spotify:track:1khmgu0pveJbkbpbkyvcQv,La Romana,292267541,11,300579,Bad Bunny,El Alfa
X 100PRE,spotify:track:69ZaPBHhRMRDjRpW1ivnOU,Como Antes,137371669,12,230577,Bad Bunny,
X 100PRE,spotify:track:6pZHZndlo57dPCYnvlYFOE,RLNDT,108147419,13,284852,Bad Bunny,
X 100PRE,spotify:track:2OWVCFTolecLiGZPquvWvT,Estamos Bien,362090477,14,208079,Bad Bunny,
X 100PRE,spotify:track:3gE4eQH3K83Sght0ZLvuBK,MIA,1105455423,15,210367,Bad Bunny,Drake
Thank Me Later,spotify:track:73tgFzBug5Ifk1Retdtwk7,Fireworks,41633491,1,313280,Drake,Alicia Keys
Thank Me Later,spotify:track:5bDEA48Dxyxoc3K4Dt7yRE,Karaoke,24750617,2,227960,Drake,
Thank Me Later,spotify:track:0llA0pYA6GpGk7fTjew0wO,The Resistance,34051333,3,225360,Drake,
Thank Me Later,spotify:track:6BdgtqiV3oXNqBikezwdvC,Over,171475265,4,233560,Drake,
Thank Me Later,spotify:track:7v0hKO3RYhEXt2EPXf4AOS,Show Me A Good Time,42168326,5,210360,Drake,
Thank Me Later,spotify:track:75L0qdzRnhwV62UXoNq3pE,Up All Night,154241503,6,234333,Drake,Nicki Minaj
Thank Me Later,spotify:track:3fpTMuD1u3gJlVI4FadVHs,Fancy,76457958,7,319386,Drake,"T.I.,Swizz Beatz"
Thank Me Later,spotify:track:3d8PDk3B4am5c6TsUCznUW,Shut It Down,51240405,8,419306,Drake,The-Dream
Thank Me Later,spotify:track:5LZ0ZCRXrklIpnzn4Tcyde,Unforgettable,36392913,9,213813,Drake,Jeezy
Thank Me Later,spotify:track:0PWQqF5PvqRq0OPLSH0FKI,Light Up,27041194,10,274146,Drake,JAY-Z
Thank Me Later,spotify:track:1U4mweNwisxNj23ffuC9gO,Miss Me,68165387,11,305520,Drake,Lil Wayne
Thank Me Later,spotify:track:2G7QCDuRM7rTj0pX21e0xk,Cece's Interlude,15136420,12,154120,Drake,
Thank Me Later,spotify:track:4BycRneKmOs6MhYG9THsuX,Find Your Love,125594431,13,208946,Drake,
Thank Me Later,spotify:track:3cBUv0RIoEyAm2b7qimEY6,Thank Me Now,32367408,14,328573,Drake,
MOTOMAMY+,spotify:track:4n1WwhKzKHUX598tvU1wMu,SAOKO,112282183,1,137533,ROSALÍA,
MOTOMAMY+,spotify:track:4AIA8hN351mjpB5lXfUsJH,CANDY,74471333,2,193488,ROSALÍA,
MOTOMAMY+,spotify:track:77VjuBo3CJbamC3gzaUzK9,LA FAMA,264940541,3,188121,ROSALÍA,The Weeknd
MOTOMAMY+,spotify:track:4kWCCB9VqQpZVewUlgjxGy,BULERÍAS,20799711,4,155861,ROSALÍA,
MOTOMAMY+,spotify:track:5OzQJGSICWovSJI3OFydQ9,CHICKEN TERIYAKI,60694572,5,122209,ROSALÍA,
MOTOMAMY+,spotify:track:7y1r8U18JSN93zZARYKfhT,HENTAI,35210979,6,162929,ROSALÍA,
MOTOMAMY+,spotify:track:2RGIXMgdKl2t4zLqVYwPu4,BIZCOCHITO,108329750,7,109109,ROSALÍA,
MOTOMAMY+,spotify:track:7EJcb4e5T2vDsaPWR7yEb4,G3 N15,20989394,8,252121,ROSALÍA,
MOTOMAMY+,spotify:track:6EXl4PwflcMNobeFpL5bWn,MOTOMAMI,34700332,9,61422,ROSALÍA,
MOTOMAMY+,spotify:track:19nu8H97D8j1G0bSwV5emP,DIABLO,27008797,10,165552,ROSALÍA,
MOTOMAMY+,spotify:track:6YbC5s56zWKObDIRZnAIbY,DELIRIO DE GRANDEZA,19591752,11,155436,ROSALÍA,
MOTOMAMY+,spotify:track:3lf72csq4o0yPNo6XFkwZO,CUUUUuuuuuute,18640082,12,150701,ROSALÍA,
MOTOMAMY+,spotify:track:5EbsCDXjzmwtHm70q87VHt,Abcdefg,16398152,13,65961,ROSALÍA,
MOTOMAMY+,spotify:track:5OcFWC7ynhXNdLgJXRmCd9,LA COMBI VERSACE,46725759,14,160296,ROSALÍA,Tokischa
MOTOMAMY+,spotify:track:4KkVsKSeAVluB6aG6QNCGG,COMO UN G,24559952,15,262104,ROSALÍA,
MOTOMAMY+,spotify:track:1nsHEIMiqiPzlwaZu5ykZG,Thank Yu :),847763,16,34918,ROSALÍA,
MOTOMAMY+,spotify:track:53tfEupEzQRtVFOeZvk7xq,DESPECHÁ,280438549,17,156787,ROSALÍA,
MOTOMAMY+,spotify:track:3VjCEyc0bHfa4Ie34kbWyb,CANDY - Remix,9879376,18,204654,ROSALÍA,Chencho Corleone
MOTOMAMY+,spotify:track:039XEZvgyNmVm1IGT2Lfkj,LA FAMA - Live en el Palau Sant Jordi,1511390,19,226089,ROSALÍA,
MOTOMAMY+,spotify:track:3SxJJJbmgDeLpWHa54LIWK,AISLAMIENTO,2408107,20,206869,ROSALÍA,
MOTOMAMY+,spotify:track:1xtfUae857RhiCclSlAOIV,LA KILIÉ,2548818,21,131087,ROSALÍA,
MOTOMAMY+,spotify:track:2N3YZ075lq9z1ObaAiX6l1,LAX,2171192,22,89749,ROSALÍA,
MOTOMAMY+,spotify:track:3CBaIz3eftJCf9GHycFanL,CHIRI,6774716,23,120991,ROSALÍA,
MOTOMAMY+,spotify:track:2EXEfxvAQz9cIZGIX60PJ8,SAKURA,14802305,24,201625,ROSALÍA,
LAS QUE NO IBAN A SALIR,spotify:track:1zaDh3qaGSeSmulNyWlUxm,SI ELLA SALE,61364314,1,143240,Bad Bunny,
LAS QUE NO IBAN A SALIR,spotify:track:4EJHKSnHENfjOxXWryyNtL,MÁS DE UNA CITA,111604863,2,183520,Bad Bunny,Zion & Lennox
LAS QUE NO IBAN A SALIR,spotify:track:0FktnzDqjClqU6iqOZVEs2,BYE ME FUI,207477400,3,178000,Bad Bunny,
LAS QUE NO IBAN A SALIR,spotify:track:3pm4XtcsRIFFtH2UErk62R,CANCIÓN CON YANDEL,262834825,4,209180,Yandel,Bad Bunny
LAS QUE NO IBAN A SALIR,spotify:track:5XqCz18k96K8tx6DAYM97i,PA' ROMPERLA,189578757,5,194200,Bad Bunny,Don Omar
LAS QUE NO IBAN A SALIR,spotify:track:5bmSver2b3ZXyuyLKtgnFI,BAD CON NICKY,158141529,6,202240,Bad Bunny,Nicky Jam
LAS QUE NO IBAN A SALIR,spotify:track:2CoMYp2uIKsT09nreEZnZn,BENDICIONES,106098884,7,155060,Bad Bunny,
LAS QUE NO IBAN A SALIR,spotify:track:6KFjMJJq8UZpfUyDgeH0Yl,CÓMO SE SIENTE - Remix,490174085,8,227120,Jhay Cortez,Bad Bunny
LAS QUE NO IBAN A SALIR,spotify:track:3XZeOzJ9tqnu58YP6cqApI,RONCA FREESTYLE,65068439,9,150060,Bad Bunny,
LAS QUE NO IBAN A SALIR,spotify:track:2DhNdoHxavs7Qtf5MnhZD0,EN CASITA,48284959,10,176440,Bad Bunny,Gabriela
MOTOMAMI,spotify:track:2FYGZDfsAnNsrm1gVbyKnG,SAOKO,112282183,1,137533,ROSALÍA,
MOTOMAMI,spotify:track:70AYiGbc4mWZGEqiipBBDb,CANDY,74471333,2,193480,ROSALÍA,
MOTOMAMI,spotify:track:6Y46tOTRhkBamosyuWa6YX,LA FAMA,264940541,3,188106,ROSALÍA,The Weeknd
MOTOMAMI,spotify:track:5tmrMIajDQRBcJQPaoAGdk,BULERÍAS,20799711,4,155880,ROSALÍA,
MOTOMAMI,spotify:track:6hH6QJ9ZAO0Z6m7PfvLoXW,CHICKEN TERIYAKI,60694572,5,122226,ROSALÍA,
MOTOMAMI,spotify:track:4kroNlz8BTfswE4M0i3YCh,HENTAI,35210979,6,162906,ROSALÍA,
MOTOMAMI,spotify:track:4kXxEhuatrvwrTQycA7s9B,BIZCOCHITO,108329750,7,109120,ROSALÍA,
MOTOMAMI,spotify:track:2MismgPSA3HxJUEV2pEl25,G3 N15,20989394,8,252120,ROSALÍA,
MOTOMAMI,spotify:track:6ygEPi8EtVkUO0Xarcgs63,MOTOMAMI,34700332,9,61346,ROSALÍA,
MOTOMAMI,spotify:track:4QlMiL1BPCBzLfn1XbSkpg,DIABLO,27008797,10,165520,ROSALÍA,
MOTOMAMI,spotify:track:6lKZ5I0yW3IpUFHEKJCWlx,DELIRIO DE GRANDEZA,19591752,11,155480,ROSALÍA,
MOTOMAMI,spotify:track:3BQPPsoxlhuSIEPlNRHHZt,CUUUUuuuuuute,18640082,12,150600,ROSALÍA,
MOTOMAMI,spotify:track:7MDfNYdpdohHjmFsYK44KU,COMO UN G,24559952,13,262200,ROSALÍA,
MOTOMAMI,spotify:track:1V32pCGXZMgcmXd5MUMDL1,Abcdefg,16398152,14,65960,ROSALÍA,
MOTOMAMI,spotify:track:5gCNf9wMVrYuM2fvfgLTlF,LA COMBI VERSACE,46725759,15,161266,ROSALÍA,Tokischa
MOTOMAMI,spotify:track:15pRGUlhmCxtewBs42ui1N,SAKURA,14802305,16,201613,ROSALÍA,
More life,spotify:track:05KOgYg8PGeJyyWBPi5ja8,Free Smoke,182464428,1,218673,Drake,
More life,spotify:track:6CfrYuD3YRDYdYvH9jNtXY,No Long Talk,122269457,2,149568,Drake,Giggs
More life,spotify:track:5mCPDVBb16L4XQwDdbRUpz,Passionfruit,1168866037,3,298940,Drake,
More life,spotify:track:13e6f8t7RKXuxZ0JdaaJRG,Jorja Interlude,112315437,4,107673,Drake,
More life,spotify:track:7y6c07pgjZvtHI9kuMVqk1,Get It Together,222060048,5,250337,Drake,"Black Coffee,Jorja Smith"
More life,spotify:track:76gUmNLXGQVOsGhfcshkFP,Madiba Riddim,139722103,6,205162,Drake,
More life,spotify:track:2XlHu0HcujBCkWMdIAvrqt,Blem,219947246,7,216557,Drake,
More life,spotify:track:2fkeWbM6iqTw7oGHTYm2lw,4422,133599949,8,186293,Drake,Sampha
More life,spotify:track:6UjfByV1lDLW0SOVQA4NAi,Gyalchester,326575319,9,189229,Drake,
More life,spotify:track:2dfqS3MRtbLZSZA1IL8xY5,Skepta Interlude,80092177,10,143213,Drake,
More life,spotify:track:2bjwRfXMk4uRgOD9IBYl9h,Portland,505274634,11,236614,Drake,"Quavo,Travis Scott"
More life,spotify:track:0xl1w2q4VLojeXp4JfazPL,Sacrifices,136343270,12,307593,Drake,"2 Chainz,Young Thug"
More life,spotify:track:6MbH1QiphMCPTqVEVC7UYi,Nothings Into Somethings,81700517,13,153724,Drake,
More life,spotify:track:6n3HGiq4v35D6eFOSwqYuo,Teenage Fever,439062116,14,219692,Drake,
More life,spotify:track:2jTujnt0y344ai1rNOywgr,KMT,156831892,15,162637,Drake,Giggs
More life,spotify:track:2Na0z2gfN67Rzf0vp74Wi3,Lose You,75611315,16,305373,Drake,
More life,spotify:track:5f5r2N4Lp9WoULWPH9zp2W,Can't Have Everything,89442281,17,228437,Drake,
More life,spotify:track:28irpKCCK9nn9DZSik2zEx,Glow,73581329,18,206119,Drake,Kanye West
More life,spotify:track:5JUu0unA8VwhTZ9LkMWUVI,Since Way Back,73724127,19,368035,Drake,PARTYNEXTDOOR
More life,spotify:track:343YBumqHu19cGoGARUTsd,Fake Love,868042196,20,210937,Drake,
More life,spotify:track:7bJ4mu7MHa3rHiNyKjOoSl,Ice Melts,109631961,21,250770,Drake,Young Thug
More life,spotify:track:2KvHC9z14GSl4YpkNMX384,Do Not Disturb,311304530,22,283550,Drake,
=,spotify:track:2JiHR4gCDjXwYVRDmwdk95,Tides,45800518,1,195760,Ed Sheeran,
=,spotify:track:50nfwKoDiSYg8zOCREWAm5,Shivers,972469550,2,207853,Ed Sheeran,
=,spotify:track:5QYnNhTKsN3kE7OaqILA1U,First Times,71809736,3,185853,Ed Sheeran,
=,spotify:track:3rmo8F54jFF8OgYsqTxm5d,Bad Habits,1286098518,4,230746,Ed Sheeran,
=,spotify:track:4btFHqumCO31GksfuBLLv3,Overpass Graffiti,227411800,5,236906,Ed Sheeran,
=,spotify:track:3NuLxTXowTRcguTh9RsPmM,The Joker And The Queen,39663960,6,185586,Ed Sheeran,
=,spotify:track:0YbI9lWxUBsCJLb6EBydkr,Leave Your Life,39161558,7,223866,Ed Sheeran,
=,spotify:track:5sv0WnUs74Orn6GoPmC5im,Collide,39875198,8,210213,Ed Sheeran,
=,spotify:track:2SUxn2O9NHL6GHGQFgwCY0,2step,92763904,9,153626,Ed Sheeran,
=,spotify:track:0VuDtcT7H4CAljLZEH021x,Stop The Rain,36517676,10,203493,Ed Sheeran,
=,spotify:track:1i4F583d9v9RabcfOlKKVL,Love In Slow Motion,36163531,11,190933,Ed Sheeran,
=,spotify:track:0rt63HYAAIzUZo5O2D0uA6,Visiting Hours,158958844,12,215506,Ed Sheeran,
=,spotify:track:2Ldb2ytuC9AxhpAkVEJBI6,Sandman,28672954,13,259333,Ed Sheeran,
=,spotify:track:3BiiSLo0wyHAY7lpCEO6ge,Be Right Now,26634914,14,211080,Ed Sheeran,
If You're Reading This It's Too Late,spotify:track:1ID1QFSNNxi0hiZCNcwjUC,Legend,346798366,1,241853,Drake,
If You're Reading This It's Too Late,spotify:track:79XrkTOfV1AqySNjVlygpW,Energy,414094285,2,181933,Drake,
If You're Reading This It's Too Late,spotify:track:12d5QFwzh60IIHlsSnAvps,10 Bands,239454847,3,177733,Drake,
If You're Reading This It's Too Late,spotify:track:5InOp6q2vvx0fShv3bzFLZ,Know Yourself,360009361,4,275840,Drake,
If You're Reading This It's Too Late,spotify:track:2durxb17bXcmQJHSt8JAdO,No Tellin',135590946,5,310933,Drake,
If You're Reading This It's Too Late,spotify:track:4v7SAP4KD96BFLWiCd1vF0,Madonna,82262506,6,177840,Drake,
If You're Reading This It's Too Late,spotify:track:3a8tAZFJxlmBwOtrf5L1oC,6 God,157147200,7,180666,Drake,
If You're Reading This It's Too Late,spotify:track:2mmUoyPxzbxehpfm1TpTRK,Star67,101892587,8,294973,Drake,
If You're Reading This It's Too Late,spotify:track:1OHoBC4icbuNhpSxP400sv,Preach,128830360,9,236973,Drake,PARTYNEXTDOOR
If You're Reading This It's Too Late,spotify:track:6oLHyWvmk6bKrA91EIYZBp,Wednesday Night Interlude,72518511,10,212280,Drake,PARTYNEXTDOOR
If You're Reading This It's Too Late,spotify:track:63p3Slj0shAFP0Q7dQetj5,Used To,97833355,11,268480,Drake,Lil Wayne
If You're Reading This It's Too Late,spotify:track:4kdfjhj9xNkYU0R8xlDy8k,6 Man,106704229,12,167653,Drake,
If You're Reading This It's Too Late,spotify:track:4zLOwx1yRJXWkHKt1XzF1p,Now & Forever,93831547,13,281320,Drake,
If You're Reading This It's Too Late,spotify:track:6ImxYXeLDQPIv4qo7bMhSk,Company,98940593,14,252640,Drake,Travis Scott
If You're Reading This It's Too Late,spotify:track:2YaDRtIlQiZ5WDDB2YuEOC,You & The 6,70546940,15,264906,Drake,
If You're Reading This It's Too Late,spotify:track:7JXZq0JgG2zTrSOAgY8VMC,Jungle,279047524,16,320400,Drake,
If You're Reading This It's Too Late,spotify:track:5mZJwWdxAOR4xUvSGZvvMU,6PM In New York,57398462,17,283306,Drake,
= (Tour Edition),spotify:track:2034O98KseYfXW4eETgm9h,Tides,45800518,1,195760,Ed Sheeran,
= (Tour Edition),spotify:track:6SR8tWgGvYoA2VJDgPQSWo,Shivers,972469550,2,207853,Ed Sheeran,
= (Tour Edition),spotify:track:6ih77QgShm0RSp913VkGZn,First Times,71809736,3,185853,Ed Sheeran,
= (Tour Edition),spotify:track:5jRvUR9rwKALlZQ1EzGjBI,Bad Habits,1286098518,4,230746,Ed Sheeran,
= (Tour Edition),spotify:track:0FRBToHz6nkJTk2MqVAnX9,Overpass Graffiti,227411800,5,236906,Ed Sheeran,
= (Tour Edition),spotify:track:49fcoVTl7mQtaGrOu5eWWf,The Joker And The Queen,39663960,6,185586,Ed Sheeran,
= (Tour Edition),spotify:track:1REhY89NpcXlSsA5OR09pV,Leave Your Life,39161558,7,223866,Ed Sheeran,
= (Tour Edition),spotify:track:362gtoLRmu1RfqolIFxXcL,Collide,39875198,8,210213,Ed Sheeran,
= (Tour Edition),spotify:track:0Kyf0mywQUx3aqtYVtiR6U,2step,92763904,9,153626,Ed Sheeran,
= (Tour Edition),spotify:track:781z6KOhWIytOCGXsWoL0H,Stop The Rain,36517676,10,203493,Ed Sheeran,
= (Tour Edition),spotify:track:1ZNI4Ab5Ojwha9OCmtqE6n,Love In Slow Motion,36163531,11,190933,Ed Sheeran,
= (Tour Edition),spotify:track:446RPBrDh8kVcYfDdnNFmp,Visiting Hours,158958844,12,215506,Ed Sheeran,
= (Tour Edition),spotify:track:2XKGiJ6CtXxlWdBpDiTa7y,Sandman,28672954,13,259333,Ed Sheeran,
= (Tour Edition),spotify:track:3hPXXNKlZvD2l4KIgbo65V,Be Right Now,26634914,14,211080,Ed Sheeran,
= (Tour Edition),spotify:track:5hyNzOLHCyYjvrIVIIVIWI,Afterglow,361458360,15,185486,Ed Sheeran,
= (Tour Edition),spotify:track:5DXKvETa1xppOmd4CDxs9S,One Life,25021504,16,231546,Ed Sheeran,
= (Tour Edition),spotify:track:2kvwspbTT9ZyQNAv9OVYjq,Penguins,2349456,17,248866,Ed Sheeran,
= (Tour Edition),spotify:track:4yVsZALRYQ2cBJCViCTTp0,I Will Remember You,3091942,18,214493,Ed Sheeran,
= (Tour Edition),spotify:track:6GqJ3mte0bfx6cIrWlVDW6,Welcome To The World,1580187,19,176813,Ed Sheeran,
= (Tour Edition),spotify:track:2dk3qSc7779ecP8w6rNoT9,The Joker And The Queen (feat. Taylor Swift),102956275,20,185422,Ed Sheeran,Taylor Swift
= (Tour Edition),spotify:track:3vRMNhtsTzM25UbTeuKGrx,2step (feat. Lil Baby),91251310,21,163449,Ed Sheeran,Lil Baby
= (Tour Edition),spotify:track:5L9Ptz7hUfTavjjdRRiNXR,Bad Habits (feat. Bring Me The Horizon),35237952,22,250763,Ed Sheeran,Bring Me The Horizon
= (Tour Edition),spotify:track:1PvSHEmS4wNXTft6I0ugOZ,Peru,185527737,23,187111,Fireboy DML,Ed Sheeran
El Mal Querer,spotify:track:1B0BQaSRHxhI0AUlItY3LK,MALAMENTE - Cap.1: Augurio,229850007,1,150027,ROSALÍA,
El Mal Querer,spotify:track:6HpgdL4zUpuyXCzvAhgR5a,QUE NO SALGA LA LUNA - Cap.2: Boda,35542824,2,269538,ROSALÍA,
El Mal Querer,spotify:track:5r8mGKhCDIVWb3AG4hm0l0,PIENSO EN TU MIRÁ - Cap.3: Celos,121285179,3,193767,ROSALÍA,
El Mal Querer,spotify:track:0CaiddWO1F3v4nTQGgfk9A,DE AQUÍ NO SALES - Cap.4: Disputa,27864599,4,144541,ROSALÍA,
El Mal Querer,spotify:track:5meAAp6VRNKT4cR3CvKkfU,RENIEGO - Cap.5: Lamento,17203601,5,208196,ROSALÍA,
El Mal Querer,spotify:track:1Yaw3jxKlBUXkfIo2FHG2M,PRESO - Cap.6: Clausura,14099919,6,40690,ROSALÍA,
El Mal Querer,spotify:track:1zZ7vl1amOLI4GE5oUn0YB,BAGDAD - Cap.7: Liturgia,75270687,7,182657,ROSALÍA,
El Mal Querer,spotify:track:2Sfl7odHUmG7qc8SbqUyzE,DI MI NOMBRE - Cap.8: Éxtasis,88786439,8,162376,ROSALÍA,
El Mal Querer,spotify:track:0r6AxesiTSiCyJIIOpVYrv,NANA - Cap.9: Concepción,17603525,9,197207,ROSALÍA,
El Mal Querer,spotify:track:5IIXMynH8cxC8is6MaqdF7,MALDICIÓN - Cap.10: Cordura,18313825,10,175254,ROSALÍA,
El Mal Querer,spotify:track:0RhO0RV0YKyF05kZ4uQOHW,A NINGÚN HOMBRE - Cap.11: Poder,25550622,11,94223,ROSALÍA,
Certified Lover Boy,spotify:track:2HSmyk2qMN8WQjuGhaQgCk,Champagne Poetry,179748624,1,336511,Drake,
Certified Lover Boy,spotify:track:6jy9yJfgCsMHdu2Oz4BGKX,Papi’s Home,99383940,2,178623,Drake,
Certified Lover Boy,spotify:track:37Nqx7iavZpotJSDXZWbJ3,Girls Want Girls (with Lil Baby),303126929,3,221979,Drake,Lil Baby
Certified Lover Boy,spotify:track:61S79KIVA4I9FXbnsylEHT,In The Bible (with Lil Durk & Giveon),121285032,4,296568,Drake,"Lil Durk,Giveon"
Certified Lover Boy,spotify:track:4VCbgIdr8ptegWeJpqLVHH,Love All (with JAY-Z),102858325,5,228461,Drake,JAY-Z
Certified Lover Boy,spotify:track:40iJIUlhi6renaREYGeIDS,Fair Trade (with Travis Scott),411923266,6,291175,Drake,Travis Scott
Certified Lover Boy,spotify:track:0k1WUmIRnG3xU6fvvDVfRG,Way 2 Sexy (with Future & Young Thug),407733210,7,257604,Drake,"Future,Young Thug"
Certified Lover Boy,spotify:track:4s7QLoImIwmPi9L6dq1nVW,TSU,114546244,8,308755,Drake,
Certified Lover Boy,spotify:track:34D6FJysnQioVingDKufuf,N 2 Deep,90298849,9,273577,Drake,Future
Certified Lover Boy,spotify:track:11pEKMLmavDu8fxOB5QjbQ,Pipe Down,81200362,10,205721,Drake,
Certified Lover Boy,spotify:track:1PDP7mLiAMwhfmgIwzhOm2,Yebba’s Heartbreak,106640164,11,133762,Drake,Yebba
Certified Lover Boy,spotify:track:2tUL6dZf1mywCj5WvCPZw6,No Friends In The Industry,139230822,12,204346,Drake,
Certified Lover Boy,spotify:track:2BcMwX1MPV6ZHP4tUT9uq6,Knife Talk (with 21 Savage ft. Project Pat),434587625,13,242965,Drake,"21 Savage,Project Pat"
Certified Lover Boy,spotify:track:42m3eP1JJhtzffal9B136J,7am On Bridle Path,61429219,14,239635,Drake,
Certified Lover Boy,spotify:track:2Q3jFbyE61mCjS3SkW4toJ,Race My Mind,68966357,15,269883,Drake,
Certified Lover Boy,spotify:track:08XWh5c0BMyD1nKVxxl91z,Fountains (with Tems),86288682,16,192417,Drake,Tems
Certified Lover Boy,spotify:track:5ScbulRnixQ2XAdvrPMFjz,Get Along Better,55802391,17,229303,Drake,Ty Dolla $ign
Certified Lover Boy,spotify:track:50ceCGZ3oD3U5caQV5bP6f,You Only Live Twice (with Lil Wayne & Rick Ross),60584286,18,213103,Drake,"Lil Wayne,Rick Ross"
Certified Lover Boy,spotify:track:7F9cT6hIRhnFCYP6GKS0tf,IMY2 (with Kid Cudi),84317483,19,252378,Drake,Kid Cudi
Certified Lover Boy,spotify:track:3RkNXZvOSMMElmmXztDc94,F*****g Fans,45328420,20,245131,Drake,
Certified Lover Boy,spotify:track:1cCXT1cErAY6tmIqHbodrt,The Remorse,35689020,21,351220,Drake,
Take Care (Deluxe),spotify:track:2Gnsof1hvZzjE1xdLRpjtf,Over My Dead Body,102695736,1,272573,Drake,
Take Care (Deluxe),spotify:track:6Z01gUquJsjJC67uNWm6P0,Shot For Me,170306518,2,224720,Drake,
Take Care (Deluxe),spotify:track:6LxSe8YmdPxy095Ux6znaQ,Headlines,443266122,3,235986,Drake,
Take Care (Deluxe),spotify:track:0V4l4GQhgnWQGtCWpvA7va,Crew Love,262454561,4,208813,Drake,The Weeknd
Take Care (Deluxe),spotify:track:124NFj84ppZ5pAxTuVQYCQ,Take Care,465374715,5,277386,Drake,Rihanna
Take Care (Deluxe),spotify:track:047fCsbO4NdmwCBn8pcUXl,Marvins Room,459386108,6,347226,Drake,
Take Care (Deluxe),spotify:track:1ZyudLFv35SRvY5SvTZqJx,Buried Alive Interlude,53998240,7,150960,Drake,Kendrick Lamar
Take Care (Deluxe),spotify:track:1D9XLqQp2YYiOxrr5KLb8K,Under Ground Kings,88400385,8,212613,Drake,
Take Care (Deluxe),spotify:track:7udsBKuqnJ5csWTAkR0vEI,We'll Be Fine,69947792,9,247946,Drake,Birdman
Take Care (Deluxe),spotify:track:7yfg0Eer6UZZt5tZ1XdsWz,Make Me Proud,212748097,10,219893,Drake,Nicki Minaj
Take Care (Deluxe),spotify:track:1QBwk6GTCxVdC2hoSw9tlM,Lord Knows,66438309,11,307640,Drake,Rick Ross
Take Care (Deluxe),spotify:track:2FbGlEPAjNhWvrVvlentVq,Cameras / Good Ones Go Interlude - Medley,89591612,12,434960,Drake,
Take Care (Deluxe),spotify:track:4eSGSqP2TZvvX0kadZZttM,Doing It Wrong,186320659,13,265120,Drake,
Take Care (Deluxe),spotify:track:74atKkOasLOVzvqB6mYgga,The Real Her,70151605,14,321080,Drake,"Lil Wayne,André 3000"
Take Care (Deluxe),spotify:track:7t1lBIr3WIEtqQEOdZFMUf,Look What You've Done,75729574,15,301960,Drake,
Take Care (Deluxe),spotify:track:0m1KYWlT6LhFRBDVq9UNx4,HYFR (Hell Ya Fucking Right),237995148,16,206626,Drake,Lil Wayne
Take Care (Deluxe),spotify:track:0jF2AdhsalO1L7KkhK4LE5,Practice,122797884,17,237733,Drake,
Take Care (Deluxe),spotify:track:4xRxYWgAtL6pzRz94GlZlA,The Ride,44720370,18,351000,Drake,
Take Care (Deluxe),spotify:track:4Kz4RdRCceaA9VgTqBhBfa,The Motto,415958072,19,181573,Drake,Lil Wayne
+,spotify:track:1XpYodsD36XN7ygcdF7mJJ,The A Team,815494563,1,258373,Ed Sheeran,
+,spotify:track:4RnCPWlBsY7oUDdyruod7Y,Drunk,224730853,2,200093,Ed Sheeran,
+,spotify:track:5Ukzlujip1Slqka5OY82YS,U.N.I.,90374913,3,228600,Ed Sheeran,
+,spotify:track:0obzwoGjXdORtAwYWZ9s53,Grade 8,61386327,4,179880,Ed Sheeran,
+,spotify:track:0ygAYQQy7bfDN6gH640bbl,Wake Me Up,102771758,5,229613,Ed Sheeran,
+,spotify:track:4z1O25cq9g2kuJemmUxc21,Small Bump,211783412,6,259413,Ed Sheeran,
+,spotify:track:0pJfsPQesJyCnR5XWZyvj9,This,72760160,7,195840,Ed Sheeran,
+,spotify:track:4ucfQOYOe1Jz5KqCfpGobp,The City,47119472,8,234333,Ed Sheeran,
+,spotify:track:5ubHAQtKuFfiG4FXfLP804,Lego House,449243644,9,185093,Ed Sheeran,
+,spotify:track:5KL4iZkCTZyXl7KnHgfVDj,"You Need Me, I Don't Need You",160682863,10,220413,Ed Sheeran,
+,spotify:track:0Tel1fmuCxEFV6wBLXsEdk,Kiss Me,408018446,11,280853,Ed Sheeran,
+,spotify:track:0SuG9kyzGRpDqrCWtgD6Lq,Give Me Love,462859290,12,526386,Ed Sheeran,
+,spotify:track:7iBSkXB0pTvZasOLf0Qxk9,Autumn Leaves - Deluxe Edition,76408716,13,200755,Ed Sheeran,
+,spotify:track:4bcgRbGeq4IejesjsiHyTH,Little Bird - Deluxe Edition,77103158,14,224528,Ed Sheeran,
+,spotify:track:4mT5mVFaU7trA3UdbGqfB9,Gold Rush - Deluxe Edition,47443782,15,243162,Ed Sheeran,
+,spotify:track:3YPiRYIUFlcQ0aaLGmeswS,Sunburn - Deluxe Edition,39567746,16,275882,Ed Sheeran,
Live at the Bedford,spotify:track:6JUGrUnAms0o3uGVIhkAyH,The A Team - Live at the Bedford,14451142,1,322933,Ed Sheeran,
Live at the Bedford,spotify:track:0T0wYEzpL46dCaTL1DLCyD,Homeless - Live at the Bedford,11050563,2,225013,Ed Sheeran,
Live at the Bedford,spotify:track:7JE96R5PJCWQ9Cm3JQXYuH,The City - Live at the Bedford,10715469,3,307760,Ed Sheeran,
Live at the Bedford,spotify:track:1YM4HlWW3vvrnWdf9N7Xi2,Fall - Live at the Bedford,11442915,4,151173,Ed Sheeran,
Live at the Bedford,spotify:track:7GtrkWkk5MxDaIlGOr7UU9,Wake Me Up - Live at the Bedford,15144652,5,300680,Ed Sheeran,
Live at the Bedford,spotify:track:5rJDpFuffh8UFEKqvzCAZP,"You Need Me, I Don't Need You - Live at the Bedford",13686062,6,590333,Ed Sheeran,
Care Package,spotify:track:1qyFlfPREPbRcS2BNszdYI,Dreams Money Can Buy,27909356,1,253803,Drake,
Care Package,spotify:track:0Tacxc5lDJ8LwiO1pWNSl8,The Motion,76970957,2,240956,Drake,
Care Package,spotify:track:4n4BflhWjCHIxrI4v7Xt9s,How Bout Now,55715007,3,235566,Drake,
Care Package,spotify:track:4Wjhj0WjkyECccfHVIgaTq,Trust Issues,123696899,4,281518,Drake,
Care Package,spotify:track:4czcw3NVLY0of5hTD7OufN,Days in The East,21444998,5,353697,Drake,
Care Package,spotify:track:3W3FVHEDetkiRkkGKDmdir,Draft Day,17703010,6,266325,Drake,
Care Package,spotify:track:6C9SwoZ5OrxcvkntgA5t8s,4pm in Calabasas,27691114,7,240217,Drake,
Care Package,spotify:track:0FnxK9FEAQyPJ284QcieNb,5 Am in Toronto,27864361,8,205264,Drake,
Care Package,spotify:track:3sMC6vfTTSa0mMAPTwzDVD,I Get Lonely,18906127,9,253561,Drake,
Care Package,spotify:track:4alHkxxwAhvoGg3dJCATKV,My Side,12673503,10,294650,Drake,
Care Package,spotify:track:2xUHiyGeGrWmmfv7NbDTWC,Jodeci Freestyle (feat. J. Cole),15584447,11,254022,Drake,J. Cole
Care Package,spotify:track:6MR5IBSNfDmiwnrlQpVw4w,Club Paradise,18960394,12,283816,Drake,
Care Package,spotify:track:18t8ypY0HYaQuGBxg2KdT2,Free Spirit (feat. Rick Ross),13924338,13,252884,Drake,Rick Ross
Care Package,spotify:track:27Tqjd2nMW2mIp6Yk1ovwY,Heat Of The Moment,8801181,14,343455,Drake,
Care Package,spotify:track:56NDFbD0tCUawnqeU2wcvv,Girls Love Beyoncé (feat. James Fauntleroy),38436763,15,225011,Drake,James Fauntleroy
Care Package,spotify:track:73IE87H0g2MBmdn41lkVto,Paris Morton Music,20492405,16,251239,Drake,
Care Package,spotify:track:3e0ZGE7Gp034iLknjQk4QW,Can I,53710366,17,189289,Drake,
2Steps (The Remixes),spotify:track:1qqSQhDwPXl8WY0Fxx9kIt,2step (feat. Lil Baby),91251310,1,163449,Ed Sheeran,Lil Baby
2Steps (The Remixes),spotify:track:4EDm3svAC8LREh5b6fHZzt,2step (feat. Ultimo),13280557,2,154160,Ed Sheeran,Ultimo
2Steps (The Remixes),spotify:track:0uW73walIcF9UfA2G5ZfpF,2step (feat. Potter Payper),1207949,3,153446,Ed Sheeran,Potter Payper
2Steps (The Remixes),spotify:track:0EgNmGWjnYm3FMyaOW5xsM,2step (feat. Antytila),3827356,4,153213,Ed Sheeran,Antytila
2Steps (The Remixes),spotify:track:0Ooo1Wnehm31UPovrjLRWW,2step (feat. Leto),3315343,5,154453,Ed Sheeran,Leto
2Steps (The Remixes),spotify:track:7nPp9jinMqAmiAnNfYzY7c,2step (feat. Ellinoora),4241362,6,153373,Ed Sheeran,Ellinoora
2Steps (The Remixes),spotify:track:3Clcn0JjqakucsAAAMV646,2step (feat. 1.Cuz),13081245,7,153226,Ed Sheeran,1.Cuz
2Steps (The Remixes),spotify:track:3dvDgPBAxqetLJvDmRDtwC,2step (feat. Budjerah),4193839,8,153426,Ed Sheeran,Budjerah
2Steps (The Remixes),spotify:track:5DKhoaXr9zqKis4SY5BiSm,2step (Star.One Remix),1287277,9,205186,Ed Sheeran,Star.One
2Steps (The Remixes),spotify:track:2t0iRmBWsSwPIv7OY8ypiZ,2step (feat. Chefin),8318731,10,164560,Ed Sheeran,Chefin
2Steps (The Remixes),spotify:track:6Md7OetCK5pP3HzcX0ermc,2step (feat. reezy),1984792,11,153334,Ed Sheeran,reezy
2Steps (The Remixes),spotify:track:0YbUKWAVjJvfOvRpnvNEOz,2step (feat. Quevedo),4992202,12,153254,Ed Sheeran,Quevedo
2Steps (The Remixes),spotify:track:5nlCMeGjtjeHkUqI43dV93,2step (feat. Denise Chaila),608350,13,153227,Ed Sheeran,Denise Chaila
2Steps (The Remixes),spotify:track:3Gxo1itE2q8dTrhX7atqCE,2step (feat. Armaan Malik),3502219,14,153124,Ed Sheeran,Armaan Malik
YHLQMDLG,spotify:track:41wtwzCZkXwpnakmwJ239F,Si Veo a Tu Mamá,595231736,1,170971,Bad Bunny,
YHLQMDLG,spotify:track:6NfrH0ANGmgBXyxgV2PeXt,La Difícil,553978283,2,163084,Bad Bunny,
YHLQMDLG,spotify:track:75pQqzwgCjUOSSy5CpmAjy,Pero Ya No,224602930,3,160638,Bad Bunny,
YHLQMDLG,spotify:track:69vlMrzHwATKzupwNcUPyK,La Santa,593504321,4,206420,Bad Bunny,Daddy Yankee
YHLQMDLG,spotify:track:0SqqAgdovOE24BzxIClpjw,Yo Perreo Sola,612209314,5,172127,Bad Bunny,
YHLQMDLG,spotify:track:4j4w4CXm6BSr0s25wAWrrX,Bichiyal,280782984,6,196500,Bad Bunny,Yaviah
YHLQMDLG,spotify:track:7sOfmPd18RWp3FoCzpa7Kw,Soliá,206815386,7,159282,Bad Bunny,
YHLQMDLG,spotify:track:5kqNIqFjijuzvVLhuY9B8j,La Zona,237977119,8,136892,Bad Bunny,
YHLQMDLG,spotify:track:53v2u51nq3CxiKUNphRzP1,Que Malo,178340808,9,167975,Bad Bunny,Ñengo Flow
YHLQMDLG,spotify:track:2n7ohqg1s68ToAHh4u9mcW,Vete,770041921,10,192024,Bad Bunny,
YHLQMDLG,spotify:track:38RIEav39FGi86jppxO0du,Ignorantes,549644027,11,210606,Bad Bunny,Sech
YHLQMDLG,spotify:track:4r9jkMEnArtWGH2rL2FZl0,A Tu Merced,557900500,12,175918,Bad Bunny,
YHLQMDLG,spotify:track:5J7teKIJGtqVypgYI6sqXj,Una Vez,352339198,13,232496,Bad Bunny,Mora
YHLQMDLG,spotify:track:2DEZmgHKAvm41k4J3R2E9Y,Safaera,696944931,14,295176,Bad Bunny,"Jowell & Randy,Ñengo Flow"
YHLQMDLG,spotify:track:4NqQaovM14WR2hNPMFxgjb,25/8,178011404,15,243275,Bad Bunny,
YHLQMDLG,spotify:track:4saHEjXw7O1NXJOzBkUKKG,Está Cabrón Ser Yo,155243020,16,227939,Bad Bunny,Anuel AA
YHLQMDLG,spotify:track:5gCg2qMPzKkW4jS4dBKdDs,Puesto Pa' Guerrial,83145019,17,190207,Bad Bunny,Myke Towers
YHLQMDLG,spotify:track:0fgsKar6uBO08vzHXkTjWi,P FKN R,101598294,18,258280,Bad Bunny,"Kendo Kaponi,Arcangel"
YHLQMDLG,spotify:track:1V8XneTrX6kKeoxYbk4x6h,Hablamos Mañana,158331402,19,240253,Bad Bunny,"Duki,Pablo Chill-E"
YHLQMDLG,spotify:track:4MZSqgwlE71CWZ6qQ3gkKm,<3,138553704,20,157967,Bad Bunny,
Loose Change,spotify:track:69RasNFxqhiyy75JDHsrIS,Let It Out,33884082,1,231546,Ed Sheeran,
Loose Change,spotify:track:0jtTK6XjYj2L3Ge6jyK2sr,Homeless,29137197,2,210746,Ed Sheeran,
Loose Change,spotify:track:7sGK98k8lv3hzRznoN909t,Little Bird,77103158,3,226066,Ed Sheeran,
Loose Change,spotify:track:5VAd82Nigp6Qdbl2zln1cl,Sofa,24825482,4,199133,Ed Sheeran,
Loose Change,spotify:track:0CNrpbpJ9HsFffF9hqWIIe,One Night,29168557,5,206440,Ed Sheeran,
Loose Change,spotify:track:4fZscNFYKoPIDHrgXxdacR,Firefly,43974383,6,254999,Ed Sheeran,
Loose Change,spotify:track:1Fj5Hfda761tgxKbJUlFxN,The City - Live at Sticky Studios; Loose Change EP,13727747,7,306320,Ed Sheeran,
Loose Change,spotify:track:1qjnGMSchVVfePsMV0UZ9b,Firefly - Bravado Dubstep Remix,11849590,8,269186,Ed Sheeran,Bravado
x (Deluxe Edition),spotify:track:5TvFfDlVoUWZvfqrhTJzD7,One,252190438,1,252760,Ed Sheeran,
x (Deluxe Edition),spotify:track:0xCA70t1ZA4fa9UOE0lIJm,I'm a Mess,307207446,2,244573,Ed Sheeran,
x (Deluxe Edition),spotify:track:6K8qKeWo5MsFED7wCR6Kop,Sing,494401688,3,235382,Ed Sheeran,
x (Deluxe Edition),spotify:track:1huvTbEYtgltjQRXzrNKGi,Don't,663147326,4,219840,Ed Sheeran,
x (Deluxe Edition),spotify:track:3GKSfF6c3Rv3a1knSjxnXa,Nina,134621597,5,225533,Ed Sheeran,
x (Deluxe Edition),spotify:track:1HNkqx9Ahdgi1Ixy2xkKkL,Photograph,1974650186,6,258986,Ed Sheeran,
x (Deluxe Edition),spotify:track:5v4sZRuvWDcisoOk1PFv6T,Bloodstream,280898945,7,300253,Ed Sheeran,
x (Deluxe Edition),spotify:track:1HbcclMpw0q2WDWpdGCKdS,Tenerife Sea,540480299,8,241346,Ed Sheeran,
x (Deluxe Edition),spotify:track:2VmA7bm5ECiYZfw7x4Nzku,Runaway,130790418,9,205133,Ed Sheeran,
x (Deluxe Edition),spotify:track:1gHF0I223J5pv06SuBcmkz,The Man,94625792,10,250426,Ed Sheeran,
x (Deluxe Edition),spotify:track:34gCuhDGsG4bRPIf9bb02f,Thinking out Loud,2082664345,11,281560,Ed Sheeran,
x (Deluxe Edition),spotify:track:12B0Twa9kRz45Xw2PgXHJm,Afire Love,162822675,12,314280,Ed Sheeran,
x (Deluxe Edition),spotify:track:2dmOWlEHrP266Qgz6wnUrd,Take It Back,110150272,13,208400,Ed Sheeran,
x (Deluxe Edition),spotify:track:7awwmuGslmuyhnlpFipDqk,Shirtsleeves,87618715,14,190226,Ed Sheeran,
x (Deluxe Edition),spotify:track:0N5zjRnf8AreOm95iSBXF4,Even My Dad Does Sometimes,97439726,15,228533,Ed Sheeran,
x (Deluxe Edition),spotify:track:5pY3ovFxbvAg7reGZjJQSp,I See Fire,851900522,16,299146,Ed Sheeran,
What A Time To Be Alive,spotify:track:0GR7iJLhj80KD5LkA14ZRn,Digital Dash,113511647,1,231231,Drake,Future
What A Time To Be Alive,spotify:track:7jslhIiELQkgW9IHeYNOWE,Big Rings,196653425,2,217706,Drake,Future
What A Time To Be Alive,spotify:track:2uTG00P1DkhB97pdITkl2O,Live From The Gutter,96841852,3,211642,Drake,Future
What A Time To Be Alive,spotify:track:2AGottAzfC8bHzF7kEJ3Wa,Diamonds Dancing,142165634,4,314631,Drake,Future
What A Time To Be Alive,spotify:track:0B5OTb36fzLayn6XQHg5A1,Scholarships,109603722,5,209287,Drake,Future
What A Time To Be Alive,spotify:track:76kyKtPLsFbQkdQ86QrkF4,Plastic Bag,81417077,6,202084,Drake,Future
What A Time To Be Alive,spotify:track:6bqtKURdSWkInAJHDkuaL0,I'm The Plug,80209139,7,180000,Drake,Future
What A Time To Be Alive,spotify:track:4gowy3WT6D1yhMLgRBlf9C,Change Locations,78322784,8,220862,Drake,Future
What A Time To Be Alive,spotify:track:27GmP9AWRs744SzKcpJsTZ,Jumpman,742149713,9,205879,Drake,Future
What A Time To Be Alive,spotify:track:2ACys0pX0SjmpQmQWzp7wt,Jersey,99968281,10,188702,Future,
What A Time To Be Alive,spotify:track:1DmnEYXa4WfbdhAPwNzgD8,30 for 30 Freestyle,53301945,11,253934,Drake,
No,spotify:track:1iyJwocwqUMwLgmu9O5Y13,Lately (feat. Devlin),12994717,1,271333,Ed Sheeran,Devlin
No,spotify:track:7h7KBBdYIzrxOsLfR9aUO7,You (feat. Wiley),11205897,2,201586,Ed Sheeran,Wiley
No,spotify:track:79d2OA4Sj4nfw0vk8EV82D,Family (feat. P Money),11124919,3,254906,Ed Sheeran,P Money
No,spotify:track:5KB7EYQuHd0S5WKVWpagYu,Radio (feat. JME),12598866,4,222653,Ed Sheeran,Jme
No,spotify:track:5rKb6l02IplvF9I0sJI9Lj,Little Lady (feat. Mikill Pane),26964258,5,328653,Ed Sheeran,Mikill Pane
No,spotify:track:0UD8qgp0Fmgh79K3qeTHQh,Drown Me Out (feat. Ghetts) - + Ghetts,8726535,6,261440,Ed Sheeran,Ghetts
No,spotify:track:4MKPqVv3FqKCZTcKHfR125,"Nightmares (feat. Random Impulse, Sway & Wretch 32)",9181653,7,243000,Ed Sheeran,"Random Impulse,Sway,Wretch 32"
No,spotify:track:1SdyQYIFM05qkexCFKZxW1,Goodbye to You (feat. Dot Rotten),11212785,8,330200,Ed Sheeran,Zeph Ellis
÷ (Deluxe),spotify:track:7oolFzHipTMg2nL7shhdz2,Eraser,194318451,1,227426,Ed Sheeran,
÷ (Deluxe),spotify:track:6PCUP3dWmTjcTtXY02oFdT,Castle on the Hill,1113454973,2,261153,Ed Sheeran,
÷ (Deluxe),spotify:track:51ChrwmUPDJvedPQnIU8Ls,Dive,587656883,3,238440,Ed Sheeran,
÷ (Deluxe),spotify:track:7qiZfU4dY1lWllzX7mPBI3,Shape of You,3257830097,4,233712,Ed Sheeran,
÷ (Deluxe),spotify:track:0tgVpDi06FyKpA1z0VMD4v,Perfect,2184835501,5,263400,Ed Sheeran,
÷ (Deluxe),spotify:track:0afhq8XCExXpqazXczTSve,Galway Girl,1091308418,6,170826,Ed Sheeran,
÷ (Deluxe),spotify:track:2RttW7RAu5nOAfq6YFvApB,Happier,1118788427,7,207520,Ed Sheeran,
÷ (Deluxe),spotify:track:5HDPtsnyb3maFmPL8LLUTG,New Man,301771798,8,189280,Ed Sheeran,
÷ (Deluxe),spotify:track:2dfHh7ECGxfNqZTQno09Vk,Hearts Don't Break Around Here,253331342,9,248413,Ed Sheeran,
÷ (Deluxe),spotify:track:2pJZ1v8HezrAoZ0Fhzby92,What Do I Know?,354073220,10,237333,Ed Sheeran,
÷ (Deluxe),spotify:track:6PJ8FF6UR8FZXfEvpHkIVN,How Would You Feel (Paean),334100760,11,280533,Ed Sheeran,
÷ (Deluxe),spotify:track:4VuS959DSpr82t3qBqCrWG,Supermarket Flowers,593427970,12,221106,Ed Sheeran,
÷ (Deluxe),spotify:track:3Lfiu5sZ4M4B6JaKMBc0FU,Barcelona,280092663,13,191146,Ed Sheeran,
÷ (Deluxe),spotify:track:6SznMYPQJHzr3IwsAHLId2,Bibia Be Ye Ye,206561468,14,176746,Ed Sheeran,
÷ (Deluxe),spotify:track:35QZaWQRkmnAVqBF1TLCxQ,Nancy Mulligan,250724646,15,179786,Ed Sheeran,
÷ (Deluxe),spotify:track:6TIU9Ehmi6dMzZK73Ym4yj,Save Myself,224137849,16,247106,Ed Sheeran,
Nothing Was The Same,spotify:track:3rE5PBReux0vbrIqbWFLnt,Tuscan Leather,88389142,1,366400,Drake,
Nothing Was The Same,spotify:track:7EdJ8z6IBotTjO50DfzzuV,Furthest Thing,132692778,2,267373,Drake,
Nothing Was The Same,spotify:track:5DI9jxTHrEiFAhStG7VA8E,Started From the Bottom,410679217,3,174133,Drake,
Nothing Was The Same,spotify:track:5LAKjqbB5uurPpxFEicd9S,Wu-Tang Forever,111138151,4,217680,Drake,
Nothing Was The Same,spotify:track:7pjJBo6DULg6YK66PA8v7r,Own It,109340492,5,251973,Drake,
Nothing Was The Same,spotify:track:48RN2EOOyG2Gs5Pyla7ZJj,Worst Behavior,159221855,6,270186,Drake,
Nothing Was The Same,spotify:track:0GaBIpyHvytM1UBYmqXu08,From Time,356042611,7,322160,Drake,Jhené Aiko
Nothing Was The Same,spotify:track:2aSC2xhRxOLiiZZVjhbylH,"Hold On, We're Going Home",757102466,8,227880,Drake,Majid Jordan
Nothing Was The Same,spotify:track:4K3BhUMfBHZuUfeC3kbhrQ,Connect,78037008,9,296413,Drake,
Nothing Was The Same,spotify:track:3IQgeOgdHIag6mu0mgKRgQ,The Language,138739034,10,224013,Drake,
Nothing Was The Same,spotify:track:5ThJAPtuOCTV8owZUop495,305 To My City,65173695,11,255853,Drake,Detail
Nothing Was The Same,spotify:track:6UgxOrbHWJeqHvh0ost7Aa,Too Much,160281089,12,261853,Drake,Sampha
Nothing Was The Same,spotify:track:4NVNapccSX7E5JLiW0uQEy,Pound Cake / Paris Morton Music 2,217519380,13,432853,Drake,JAY-Z
5,spotify:track:6x44NmhdsmgRzG07kzqOO6,"You Need Me, I Don't Need You",22118063,1,245040,Ed Sheeran,
5,spotify:track:24ha18yq0t7XnZ9EgJ7HYb,So,28044033,2,268760,Ed Sheeran,
5,spotify:track:6ThrnYkLPlKar6dUIggR6Q,Be Like You,22015939,3,218373,Ed Sheeran,
5,spotify:track:4oCmusomhJaDXUF9OttwQ5,The City,14267423,4,266280,Ed Sheeran,
5,spotify:track:0Z0GZkW8QCohqGChLmWixd,Sunburn,19468090,5,266053,Ed Sheeran,
5,spotify:track:4Ur8TgNrZyUuRBWjsQfgGe,Let It Out,33884082,1,231546,Ed Sheeran,
5,spotify:track:5YS8NjfOuoFP1vi5wglycc,Homeless,29137197,2,210746,Ed Sheeran,
5,spotify:track:5DizlXTwJjjwxxqGNChcvO,Little Bird,77103158,3,226066,Ed Sheeran,
5,spotify:track:2Z7RLfJdXXkXUmvMJxkNJo,Sofa,24825482,4,199133,Ed Sheeran,
5,spotify:track:1IbGB3FLPDJjBX5i3S57rA,One Night,29168557,5,206440,Ed Sheeran,
5,spotify:track:7udHOd6OUjUIhSjpTo4cl4,Firefly,43974383,6,254999,Ed Sheeran,
5,spotify:track:7cCsAsOKvFdOjQHpADku4O,The City - Live at Sticky Studios; Loose Change EP,13727747,7,306320,Ed Sheeran,
5,spotify:track:0dQ5jI1SGoAX2QT6N95tad,Firefly - Bravado Dubstep Remix,11849590,8,269186,Ed Sheeran,Bravado
5,spotify:track:5JTTFF4bKTIqrhRmmOgXXo,Fall,25080451,1,163272,Ed Sheeran,
5,spotify:track:4I7VRMbaqi6GdSkaSxe1he,Fire Alarms,19732045,2,144013,Ed Sheeran,
5,spotify:track:0xaPq2EZ9pQ9vLuxy6MCHH,Where We Land,17083139,3,183000,Ed Sheeran,
5,spotify:track:4THoSHxiabL1rd59iVWu2T,Cold Coffee,47044683,4,254226,Ed Sheeran,
5,spotify:track:3ICdPHubhqTJ4Lm9NEb2W3,She,37763126,5,244653,Ed Sheeran,
5,spotify:track:3nwbntyppUfLEMorPB40HN,The A Team - Live at the Bedford,14451142,1,322933,Ed Sheeran,
5,spotify:track:0ewWskuCnqrTFvMUqtAQwF,Homeless - Live at the Bedford,11050563,2,225013,Ed Sheeran,
5,spotify:track:4HQcJua3wHJLvBvc3gKJTr,The City - Live at the Bedford,10715469,3,307760,Ed Sheeran,
5,spotify:track:1lG7S133U7vKOXy0n8WeEL,Fall - Live at the Bedford,11442915,4,151173,Ed Sheeran,
5,spotify:track:2c3PILT3ocB6B47pNzi9qs,Wake Me Up - Live at the Bedford,15144652,5,300680,Ed Sheeran,
5,spotify:track:2GGOQWJo7FGEQojc7baekK,"You Need Me, I Don't Need You - Live at the Bedford",13686062,6,590333,Ed Sheeran,
5,spotify:track:5cth8vxCckeYgE10nX58re,Lately (feat. Devlin),12994717,1,271333,Ed Sheeran,Devlin
5,spotify:track:6dSgNLxLDgTaPQlB15yOOK,You (feat. Wiley),11205897,2,201586,Ed Sheeran,Wiley
5,spotify:track:77m6ySUV5ZpOdaIsygDYMZ,Family (feat. P Money),11124919,3,254906,Ed Sheeran,P Money
5,spotify:track:3MUKlVjVJBvPf4flrDq8KB,Radio (feat. JME),12598866,4,222653,Ed Sheeran,Jme
5,spotify:track:7bXTXa2zmMuRZPCBEWcjHw,Little Lady (feat. Mikill Pane),26964258,5,328653,Ed Sheeran,Mikill Pane
5,spotify:track:0dNt7lZks5TVxiGaCIY1yZ,Drown Me Out (feat. Ghetts) - + Ghetts,8726535,6,261440,Ed Sheeran,Ghetts
5,spotify:track:4SVST4FR6Gj74UJCzCiOSX,"Nightmares (feat. Random Impulse, Sway & Wretch 32)",9181653,7,243000,Ed Sheeran,"Random Impulse,Sway,Wretch 32"
5,spotify:track:1O5u4AShfndSLCnVqlV0h2,Goodbye to You (feat. Dot Rotten),11212785,8,330200,Ed Sheeran,Zeph Ellis
Los Ángeles,spotify:track:0lEaqq59YmCxJNB6cb209Y,Si Tú Supieras Compañero,14098284,1,364657,ROSALÍA,
Los Ángeles,spotify:track:6ZpYO78uVWjZ6AoxSxnAri,De Plata,9378661,2,268511,ROSALÍA,
Los Ángeles,spotify:track:1QzfazYi9a86Bf0h71xbH1,Nos Quedamos Solitos,10160981,3,315046,ROSALÍA,
Los Ángeles,spotify:track:0c7XKJjw6heRqQX7PzkUIj,Catalina,21673802,4,214011,ROSALÍA,
Los Ángeles,spotify:track:623kdaD0Wi2L0L6GyZvXUP,Día 14 De Abril,5958979,5,366058,ROSALÍA,
Los Ángeles,spotify:track:4qEG0SIXAnjnd8KFH4T9Eg,Que Se Muere Que Se Muere,6206067,6,88545,ROSALÍA,
Los Ángeles,spotify:track:2gp9YVRrqL5N9MgjTwunux,Por Mi Puerta No Lo Pasen,5579142,7,279627,ROSALÍA,
Los Ángeles,spotify:track:5r3n7YYY1jtl8pqvZr1DAD,Te Venero,5275085,8,246298,ROSALÍA,
Los Ángeles,spotify:track:5bu6hDqiYju5JPcBUxGTjC,Por Castigarme Tan Fuerte,5018420,9,128117,ROSALÍA,
Los Ángeles,spotify:track:2iCuj1KMxtGU5rP2GY9VaP,La Hija De Juan Simón,6823329,10,249277,ROSALÍA,
Los Ángeles,spotify:track:0JRUe91TOCuUtwczlhbhsG,El Redentor,4501108,11,181481,ROSALÍA,
Los Ángeles,spotify:track:7c6ivZorDH6A98fBNFmCjX,I See A Darkness,6792653,12,248740,ROSALÍA,
Un Verano Sin Ti,spotify:track:6Xom58OOXk2SoU711L2IXO,Moscow Mule,543575178,1,245939,Bad Bunny,
Un Verano Sin Ti,spotify:track:1dm6z1fWB0cErMszU25dy2,Después de la Playa,301270420,2,230400,Bad Bunny,
Un Verano Sin Ti,spotify:track:6Sq7ltF9Qa7SNFBsV5Cogx,Me Porto Bonito,794481221,3,178567,Bad Bunny,Chencho Corleone
Un Verano Sin Ti,spotify:track:1IHWl5LamUGEuP4ozKQSXZ,Tití Me Preguntó,700339802,4,243716,Bad Bunny,
Un Verano Sin Ti,spotify:track:5CzixCxDkRXX9mScCmah8O,Un Ratito,263424437,5,176936,Bad Bunny,
Un Verano Sin Ti,spotify:track:5kVZxyMY1gfdCLiChsfjn1,Yo No Soy Celoso,211877646,6,230704,Bad Bunny,
Un Verano Sin Ti,spotify:track:41oY4WCTj5kccfesTVFnvN,Tarot,372552518,7,237894,Bad Bunny,Jhay Cortez
Un Verano Sin Ti,spotify:track:31i56LZnwE6uSu3exoHjtB,Neverita,294399332,8,173119,Bad Bunny,
Un Verano Sin Ti,spotify:track:1797zYiX4cKosMH836X9Gt,La Corriente,276183552,9,198367,Bad Bunny,Tony Dize
Un Verano Sin Ti,spotify:track:5Eax0qFko2dh7Rl2lYs3bx,Efecto,544924737,10,213061,Bad Bunny,
Un Verano Sin Ti,spotify:track:4tYFy8ALRjIZvnvSLw5lxN,Party,394781185,11,227628,Bad Bunny,Rauw Alejandro
Un Verano Sin Ti,spotify:track:2uflssWlCaJ6CbTMOsUpNI,Aguacero,188419006,12,210989,Bad Bunny,
Un Verano Sin Ti,spotify:track:2NMjggapJcXXM7WccGEBUO,Enséñame a Bailar,158534760,13,176000,Bad Bunny,
Un Verano Sin Ti,spotify:track:3k3NWokhRRkEPhCzPmV8TW,Ojitos Lindos,624378189,14,258298,Bad Bunny,Bomba Estéreo
Un Verano Sin Ti,spotify:track:4d4ZXH4dr5bYfgErHiZCX2,Dos Mil 16,201724156,15,208615,Bad Bunny,
Un Verano Sin Ti,spotify:track:0UvZcEfpzVyx47QsRbjyBz,El Apagón,138524281,16,201816,Bad Bunny,
Un Verano Sin Ti,spotify:track:0E0DRHf5PfMeor0ZCwB3oT,Otro Atardecer,179074453,17,244444,Bad Bunny,The Marías
Un Verano Sin Ti,spotify:track:6VrQTLzzuyGIYjUDe4kAZk,Un Coco,206812492,18,196412,Bad Bunny,
Un Verano Sin Ti,spotify:track:44XjoNvtwevktFKjvVe1vH,Andrea,213039176,19,339611,Bad Bunny,Buscabulla
Un Verano Sin Ti,spotify:track:28GCbKgjlVD9eDmasGbe0T,Me Fui de Vacaciones,202207747,20,180929,Bad Bunny,
Un Verano Sin Ti,spotify:track:18HOjcvTVV7W8YzBuOsAPS,Un Verano Sin Ti,163961997,21,148143,Bad Bunny,
Un Verano Sin Ti,spotify:track:0wihfILRNOwE2156Shezc8,Agosto,139992254,22,139041,Bad Bunny,
Un Verano Sin Ti,spotify:track:71wFwRo8xGc4lrcyKwsvba,Callaita,1141069154,23,250533,Bad Bunny,Tainy
Dark Lane Demo Tapes,spotify:track:3IvMYBE7A3c7to1aEcfFJk,Deep Pockets,36061542,1,222928,Drake,
Dark Lane Demo Tapes,spotify:track:5TCBWmEBrin7etRa4Lswr1,When To Say When,43194522,2,223124,Drake,
Dark Lane Demo Tapes,spotify:track:4wVOKKEHUJxHCFFNUWDn0B,Chicago Freestyle (feat. Giveon),486357934,3,220487,Drake,Giveon
Dark Lane Demo Tapes,spotify:track:3Q4gttWQ6hxqWOa3tHoTNi,Not You Too (feat. Chris Brown),73812139,4,269680,Drake,Chris Brown
Dark Lane Demo Tapes,spotify:track:466cKvZn1j45IpxDdYZqdA,Toosie Slide,915679330,5,247058,Drake,
Dark Lane Demo Tapes,spotify:track:7eYAHC0RbBF9eaqWzT34Aq,Desires (with Future),75550918,6,237945,Drake,Future
Dark Lane Demo Tapes,spotify:track:5H4mXWKcicuLKDn4Jy0sK7,Time Flies,152982975,7,192931,Drake,
Dark Lane Demo Tapes,spotify:track:3KixNgUEaDtrKJVzdqjU5q,Landed,45231080,8,152195,Drake,
Dark Lane Demo Tapes,spotify:track:5fHrHoJKfCgBd35zwIBmUK,D4L,66945018,9,189176,Future,"Drake,Young Thug"
Dark Lane Demo Tapes,spotify:track:6Kj17Afjo1OKJYpf5VzCeo,Pain 1993 (with Playboi Carti),131711137,10,149077,Drake,Playboi Carti
Dark Lane Demo Tapes,spotify:track:6fLVTVaHWaEfVKfEgbkf4D,Losses,29963911,11,271183,Drake,
Dark Lane Demo Tapes,spotify:track:0YkUwXxnTkeJBvt5upeEtP,From Florida With Love,53983146,12,234782,Drake,
Dark Lane Demo Tapes,spotify:track:05aZ9sAU1YXndHv0FMi9iW,Demons (feat. Fivio Foreign & Sosa Geek),70129380,13,204805,Drake,"Fivio Foreign,Sosa Geek"
Dark Lane Demo Tapes,spotify:track:1I55Ea0zVoSKs6MqW7DQ3i,War,66615802,14,180000,Drake,
GABRIEL,spotify:track:4LaZ8RpIP6DIgN73bXQVlO,GET IT,13839150,1,151301,keshi,
GABRIEL,spotify:track:3iqlzKw1tLt6tXZyKWV0fZ,SOMEBODY,46182987,2,164662,keshi,
GABRIEL,spotify:track:60bAuEmJQfzeDV1B84H4xY,WESTSIDE,10126390,3,184110,keshi,
GABRIEL,spotify:track:5cgy5vMqVZbd8hYutp2txu,TOUCH,22715564,4,205346,keshi,
GABRIEL,spotify:track:4mMZANpFSbc19Ts4DpL763,MILLI,4662816,5,135158,keshi,
GABRIEL,spotify:track:1cC9rfWHeStMU4iVh2FU9j,PÈRE,1928489,6,48255,keshi,
GABRIEL,spotify:track:4ZrT4GknVWRvBYA8AcLCeY,HELL/HEAVEN,6925802,7,160042,keshi,
GABRIEL,spotify:track:38umMmZQdeoOG7Zojor4g3,ANGOSTURA,17597707,8,171019,keshi,
GABRIEL,spotify:track:72sfmdpuO5r8cBDgs7MqZZ,UNDERSTAND,7184837,9,150519,keshi,
GABRIEL,spotify:track:2bdVgAQgosGUJoViVDNeOV,LIMBO,8121320,10,212784,keshi,
GABRIEL,spotify:track:0srUf03MHZ4cbOO4o2ydDu,ANGEL,7277846,11,247282,keshi,
GABRIEL,spotify:track:4RfjLV2FwnrxCjhCA3ZHf0,GABRIEL,3879801,12,128779,keshi,
